"Date","Source","Site ID","POC","Daily Mean PM2.5 Concentration","Units","Daily AQI Value","Local Site Name","Daily Obs Count","Percent Complete","AQS Parameter Code","AQS Parameter Description","Method Code","Method Description","CBSA Code","CBSA Name","State FIPS Code","State","County FIPS Code","County","Site Latitude","Site Longitude"
"01/01/2024","AQS","360610128","1","8.6","ug/m3 LC","48","PS 19","1","100.0000","88101","PM2.5 - Local Conditions","145","R & P Model 2025 PM-2.5 Sequential Air Sampler w/VSCC","35620","New York-Newark-Jersey City, NY-NJ-PA","36","New York","061","New York","40.73","-73.984"
"01/04/2024","AQS","360610128","1","7.1","ug/m3 LC","39","PS 19","1","100.0000","88101","PM2.5 - Local Conditions","145","R & P Model 2025 PM-2.5 Sequential Air Sampler w/VSCC","35620","New York-Newark-Jersey City, NY-NJ-PA","36","New York","061","New York","40.73","-73.984"
"01/07/2024","AQS","360610128","1","3.2","ug/m3 LC","18","PS 19","1","100.0000","88101","PM2.5 - Local Conditions","145","R & P Model 2025 PM-2.5 Sequential Air Sampler w/VSCC","35620","New York-Newark-Jersey City, NY-NJ-PA","36","New York","061","New York","40.73","-73.984"
"01/10/2024","AQS","360610128","1","3.2","ug/m3 LC","18","PS 19","1","100.0000","88101","PM2.5 - Local Conditions","145","R & P Model 2025 PM-2.5 Sequential Air Sampler w/VSCC","35620","New York-Newark-Jersey City, NY-NJ-PA","36","New York","061","New York","40.73","-73.984"
"01/13/2024","AQS","360610128","1","4.4","ug/m3 LC","24","PS 19","1","100.0000","88101","PM2.5 - Local Conditions","145","R & P Model 2025 PM-2.5 Sequential Air Sampler w/VSCC","35620","New York-Newark-Jersey City, NY-NJ-PA","36","New York","061","New York","40.73","-73.984"
"01/16/2024","AQS","360610128","1","7.8","ug/m3 LC","43","PS 19","1","100.0000","88101","PM2.5 - Local Conditions","145","R & P Model 2025 PM-2.5 Sequential Air Sampler w/VSCC","35620","New York-Newark-Jersey City, NY-NJ-PA","36","New York","061","New York","40.73","-73.984"
"01/19/2024","AQS","360610128","1","12.7","ug/m3 LC","58","PS 19","1","100.0000","88101","PM2.5 - Local Conditions","145","R & P Model 2025 PM-2.5 Sequential Air Sampler w/VSCC","35620","New York-Newark-Jersey City, NY-NJ-PA","36","New York","061","New York","40.73","-73.984"
"01/22/2024","AQS","360610128","1","9.6","ug/m3 LC","52","PS 19","1","100.0000","88101","PM2.5 - Local Conditions","145","R & P Model 2025 PM-2.5 Sequential Air Sampler w/VSCC","35620","New York-Newark-Jersey City, NY-NJ-PA","36","New York","061","New York","40.73","-73.984"
"01/25/2024","AQS","360610128","1","14","ug/m3 LC","60","PS 19","1","100.0000","88101","PM2.5 - Local Conditions","145","R & P Model 2025 PM-2.5 Sequential Air Sampler w/VSCC","35620","New York-Newark-Jersey City, NY-NJ-PA","36","New York","061","New York","40.73","-73.984"
"01/28/2024","AQS","360610128","1","3.2","ug/m3 LC","18","PS 19","1","100.0000","88101","PM2.5 - Local Conditions","145","R & P Model 2025 PM-2.5 Sequential Air Sampler w/VSCC","35620","New York-Newark-Jersey City, NY-NJ-PA","36","New York","061","New York","40.73","-73.984"
"01/31/2024","AQS","360610128","1","4.9","ug/m3 LC","27","PS 19","1","100.0000","88101","PM2.5 - Local Conditions","145","R & P Model 2025 PM-2.5 Sequential Air Sampler w/VSCC","35620","New York-Newark-Jersey City, NY-NJ-PA","36","New York","061","New York","40.73","-73.984"
"02/03/2024","AQS","360610128","1","6","ug/m3 LC","33","PS 19","1","100.0000","88101","PM2.5 - Local Conditions","145","R & P Model 2025 PM-2.5 Sequential Air Sampler w/VSCC","35620","New York-Newark-Jersey City, NY-NJ-PA","36","New York","061","New York","40.73","-73.984"
"02/06/2024","AQS","360610128","1","5.7","ug/m3 LC","32","PS 19","1","100.0000","88101","PM2.5 - Local Conditions","145","R & P Model 2025 PM-2.5 Sequential Air Sampler w/VSCC","35620","New York-Newark-Jersey City, NY-NJ-PA","36","New York","061","New York","40.73","-73.984"
"02/09/2024","AQS","360610128","1","12","ug/m3 LC","56","PS 19","1","100.0000","88101","PM2.5 - Local Conditions","145","R & P Model 2025 PM-2.5 Sequential Air Sampler w/VSCC","35620","New York-Newark-Jersey City, NY-NJ-PA","36","New York","061","New York","40.73","-73.984"
"02/12/2024","AQS","360610128","1","8","ug/m3 LC","44","PS 19","1","100.0000","88101","PM2.5 - Local Conditions","145","R & P Model 2025 PM-2.5 Sequential Air Sampler w/VSCC","35620","New York-Newark-Jersey City, NY-NJ-PA","36","New York","061","New York","40.73","-73.984"
"02/15/2024","AQS","360610128","1","5.9","ug/m3 LC","33","PS 19","1","100.0000","88101","PM2.5 - Local Conditions","145","R & P Model 2025 PM-2.5 Sequential Air Sampler w/VSCC","35620","New York-Newark-Jersey City, NY-NJ-PA","36","New York","061","New York","40.73","-73.984"
"02/18/2024","AQS","360610128","1","6.8","ug/m3 LC","38","PS 19","1","100.0000","88101","PM2.5 - Local Conditions","145","R & P Model 2025 PM-2.5 Sequential Air Sampler w/VSCC","35620","New York-Newark-Jersey City, NY-NJ-PA","36","New York","061","New York","40.73","-73.984"
"02/21/2024","AQS","360610128","1","5.3","ug/m3 LC","29","PS 19","1","100.0000","88101","PM2.5 - Local Conditions","145","R & P Model 2025 PM-2.5 Sequential Air Sampler w/VSCC","35620","New York-Newark-Jersey City, NY-NJ-PA","36","New York","061","New York","40.73","-73.984"
"02/24/2024","AQS","360610128","1","7.1","ug/m3 LC","39","PS 19","1","100.0000","88101","PM2.5 - Local Conditions","145","R & P Model 2025 PM-2.5 Sequential Air Sampler w/VSCC","35620","New York-Newark-Jersey City, NY-NJ-PA","36","New York","061","New York","40.73","-73.984"
"02/27/2024","AQS","360610128","1","17.3","ug/m3 LC","66","PS 19","1","100.0000","88101","PM2.5 - Local Conditions","145","R & P Model 2025 PM-2.5 Sequential Air Sampler w/VSCC","35620","New York-Newark-Jersey City, NY-NJ-PA","36","New York","061","New York","40.73","-73.984"
"03/01/2024","AQS","360610128","1","8.6","ug/m3 LC","48","PS 19","1","100.0000","88101","PM2.5 - Local Conditions","145","R & P Model 2025 PM-2.5 Sequential Air Sampler w/VSCC","35620","New York-Newark-Jersey City, NY-NJ-PA","36","New York","061","New York","40.73","-73.984"
"03/04/2024","AQS","360610128","1","5.1","ug/m3 LC","28","PS 19","1","100.0000","88101","PM2.5 - Local Conditions","145","R & P Model 2025 PM-2.5 Sequential Air Sampler w/VSCC","35620","New York-Newark-Jersey City, NY-NJ-PA","36","New York","061","New York","40.73","-73.984"
"03/07/2024","AQS","360610128","1","3.2","ug/m3 LC","18","PS 19","1","100.0000","88101","PM2.5 - Local Conditions","145","R & P Model 2025 PM-2.5 Sequential Air Sampler w/VSCC","35620","New York-Newark-Jersey City, NY-NJ-PA","36","New York","061","New York","40.73","-73.984"
"03/10/2024","AQS","360610128","1","2.5","ug/m3 LC","14","PS 19","1","100.0000","88101","PM2.5 - Local Conditions","145","R & P Model 2025 PM-2.5 Sequential Air Sampler w/VSCC","35620","New York-Newark-Jersey City, NY-NJ-PA","36","New York","061","New York","40.73","-73.984"
"03/13/2024","AQS","360610128","1","9.9","ug/m3 LC","52","PS 19","1","100.0000","88101","PM2.5 - Local Conditions","145","R & P Model 2025 PM-2.5 Sequential Air Sampler w/VSCC","35620","New York-Newark-Jersey City, NY-NJ-PA","36","New York","061","New York","40.73","-73.984"
"03/16/2024","AQS","360610128","1","6","ug/m3 LC","33","PS 19","1","100.0000","88101","PM2.5 - Local Conditions","145","R & P Model 2025 PM-2.5 Sequential Air Sampler w/VSCC","35620","New York-Newark-Jersey City, NY-NJ-PA","36","New York","061","New York","40.73","-73.984"
"03/19/2024","AQS","360610128","1","4.4","ug/m3 LC","24","PS 19","1","100.0000","88101","PM2.5 - Local Conditions","145","R & P Model 2025 PM-2.5 Sequential Air Sampler w/VSCC","35620","New York-Newark-Jersey City, NY-NJ-PA","36","New York","061","New York","40.73","-73.984"
"03/22/2024","AQS","360610128","1","5.4","ug/m3 LC","30","PS 19","1","100.0000","88101","PM2.5 - Local Conditions","145","R & P Model 2025 PM-2.5 Sequential Air Sampler w/VSCC","35620","New York-Newark-Jersey City, NY-NJ-PA","36","New York","061","New York","40.73","-73.984"
"03/25/2024","AQS","360610128","1","5.8","ug/m3 LC","32","PS 19","1","100.0000","88101","PM2.5 - Local Conditions","145","R & P Model 2025 PM-2.5 Sequential Air Sampler w/VSCC","35620","New York-Newark-Jersey City, NY-NJ-PA","36","New York","061","New York","40.73","-73.984"
"03/28/2024","AQS","360610128","1","7.5","ug/m3 LC","42","PS 19","1","100.0000","88101","PM2.5 - Local Conditions","145","R & P Model 2025 PM-2.5 Sequential Air Sampler w/VSCC","35620","New York-Newark-Jersey City, NY-NJ-PA","36","New York","061","New York","40.73","-73.984"
"03/31/2024","AQS","360610128","1","5","ug/m3 LC","28","PS 19","1","100.0000","88101","PM2.5 - Local Conditions","145","R & P Model 2025 PM-2.5 Sequential Air Sampler w/VSCC","35620","New York-Newark-Jersey City, NY-NJ-PA","36","New York","061","New York","40.73","-73.984"
"04/03/2024","AQS","360610128","1","4","ug/m3 LC","22","PS 19","1","100.0000","88101","PM2.5 - Local Conditions","145","R & P Model 2025 PM-2.5 Sequential Air Sampler w/VSCC","35620","New York-Newark-Jersey City, NY-NJ-PA","36","New York","061","New York","40.73","-73.984"
"04/06/2024","AQS","360610128","1","2.7","ug/m3 LC","15","PS 19","1","100.0000","88101","PM2.5 - Local Conditions","145","R & P Model 2025 PM-2.5 Sequential Air Sampler w/VSCC","35620","New York-Newark-Jersey City, NY-NJ-PA","36","New York","061","New York","40.73","-73.984"
"04/09/2024","AQS","360610128","1","9.9","ug/m3 LC","52","PS 19","1","100.0000","88101","PM2.5 - Local Conditions","145","R & P Model 2025 PM-2.5 Sequential Air Sampler w/VSCC","35620","New York-Newark-Jersey City, NY-NJ-PA","36","New York","061","New York","40.73","-73.984"
"04/12/2024","AQS","360610128","1","7.5","ug/m3 LC","42","PS 19","1","100.0000","88101","PM2.5 - Local Conditions","145","R & P Model 2025 PM-2.5 Sequential Air Sampler w/VSCC","35620","New York-Newark-Jersey City, NY-NJ-PA","36","New York","061","New York","40.73","-73.984"
"04/15/2024","AQS","360610128","1","8.6","ug/m3 LC","48","PS 19","1","100.0000","88101","PM2.5 - Local Conditions","145","R & P Model 2025 PM-2.5 Sequential Air Sampler w/VSCC","35620","New York-Newark-Jersey City, NY-NJ-PA","36","New York","061","New York","40.73","-73.984"
"04/18/2024","AQS","360610128","1","5.3","ug/m3 LC","29","PS 19","1","100.0000","88101","PM2.5 - Local Conditions","145","R & P Model 2025 PM-2.5 Sequential Air Sampler w/VSCC","35620","New York-Newark-Jersey City, NY-NJ-PA","36","New York","061","New York","40.73","-73.984"
"04/21/2024","AQS","360610128","1","4.7","ug/m3 LC","26","PS 19","1","100.0000","88101","PM2.5 - Local Conditions","145","R & P Model 2025 PM-2.5 Sequential Air Sampler w/VSCC","35620","New York-Newark-Jersey City, NY-NJ-PA","36","New York","061","New York","40.73","-73.984"
"04/24/2024","AQS","360610128","1","5.1","ug/m3 LC","28","PS 19","1","100.0000","88101","PM2.5 - Local Conditions","145","R & P Model 2025 PM-2.5 Sequential Air Sampler w/VSCC","35620","New York-Newark-Jersey City, NY-NJ-PA","36","New York","061","New York","40.73","-73.984"
"04/27/2024","AQS","360610128","1","5","ug/m3 LC","28","PS 19","1","100.0000","88101","PM2.5 - Local Conditions","145","R & P Model 2025 PM-2.5 Sequential Air Sampler w/VSCC","35620","New York-Newark-Jersey City, NY-NJ-PA","36","New York","061","New York","40.73","-73.984"
"04/30/2024","AQS","360610128","1","11.5","ug/m3 LC","55","PS 19","1","100.0000","88101","PM2.5 - Local Conditions","145","R & P Model 2025 PM-2.5 Sequential Air Sampler w/VSCC","35620","New York-Newark-Jersey City, NY-NJ-PA","36","New York","061","New York","40.73","-73.984"
"05/03/2024","AQS","360610128","1","5.4","ug/m3 LC","30","PS 19","1","100.0000","88101","PM2.5 - Local Conditions","145","R & P Model 2025 PM-2.5 Sequential Air Sampler w/VSCC","35620","New York-Newark-Jersey City, NY-NJ-PA","36","New York","061","New York","40.73","-73.984"
"05/06/2024","AQS","360610128","1","12.9","ug/m3 LC","58","PS 19","1","100.0000","88101","PM2.5 - Local Conditions","145","R & P Model 2025 PM-2.5 Sequential Air Sampler w/VSCC","35620","New York-Newark-Jersey City, NY-NJ-PA","36","New York","061","New York","40.73","-73.984"
"05/09/2024","AQS","360610128","1","5","ug/m3 LC","28","PS 19","1","100.0000","88101","PM2.5 - Local Conditions","145","R & P Model 2025 PM-2.5 Sequential Air Sampler w/VSCC","35620","New York-Newark-Jersey City, NY-NJ-PA","36","New York","061","New York","40.73","-73.984"
"05/12/2024","AQS","360610128","1","5.2","ug/m3 LC","29","PS 19","1","100.0000","88101","PM2.5 - Local Conditions","145","R & P Model 2025 PM-2.5 Sequential Air Sampler w/VSCC","35620","New York-Newark-Jersey City, NY-NJ-PA","36","New York","061","New York","40.73","-73.984"
"05/15/2024","AQS","360610128","1","6.8","ug/m3 LC","38","PS 19","1","100.0000","88101","PM2.5 - Local Conditions","145","R & P Model 2025 PM-2.5 Sequential Air Sampler w/VSCC","35620","New York-Newark-Jersey City, NY-NJ-PA","36","New York","061","New York","40.73","-73.984"
"05/18/2024","AQS","360610128","1","9.7","ug/m3 LC","52","PS 19","1","100.0000","88101","PM2.5 - Local Conditions","145","R & P Model 2025 PM-2.5 Sequential Air Sampler w/VSCC","35620","New York-Newark-Jersey City, NY-NJ-PA","36","New York","061","New York","40.73","-73.984"
"05/21/2024","AQS","360610128","1","9.2","ug/m3 LC","51","PS 19","1","100.0000","88101","PM2.5 - Local Conditions","145","R & P Model 2025 PM-2.5 Sequential Air Sampler w/VSCC","35620","New York-Newark-Jersey City, NY-NJ-PA","36","New York","061","New York","40.73","-73.984"
"05/24/2024","AQS","360610128","1","10.9","ug/m3 LC","54","PS 19","1","100.0000","88101","PM2.5 - Local Conditions","145","R & P Model 2025 PM-2.5 Sequential Air Sampler w/VSCC","35620","New York-Newark-Jersey City, NY-NJ-PA","36","New York","061","New York","40.73","-73.984"
"05/27/2024","AQS","360610128","1","8","ug/m3 LC","44","PS 19","1","100.0000","88101","PM2.5 - Local Conditions","145","R & P Model 2025 PM-2.5 Sequential Air Sampler w/VSCC","35620","New York-Newark-Jersey City, NY-NJ-PA","36","New York","061","New York","40.73","-73.984"
"05/30/2024","AQS","360610128","1","5.8","ug/m3 LC","32","PS 19","1","100.0000","88101","PM2.5 - Local Conditions","145","R & P Model 2025 PM-2.5 Sequential Air Sampler w/VSCC","35620","New York-Newark-Jersey City, NY-NJ-PA","36","New York","061","New York","40.73","-73.984"
"06/02/2024","AQS","360610128","1","11.7","ug/m3 LC","56","PS 19","1","100.0000","88101","PM2.5 - Local Conditions","145","R & P Model 2025 PM-2.5 Sequential Air Sampler w/VSCC","35620","New York-Newark-Jersey City, NY-NJ-PA","36","New York","061","New York","40.73","-73.984"
"06/05/2024","AQS","360610128","1","9","ug/m3 LC","50","PS 19","1","100.0000","88101","PM2.5 - Local Conditions","145","R & P Model 2025 PM-2.5 Sequential Air Sampler w/VSCC","35620","New York-Newark-Jersey City, NY-NJ-PA","36","New York","061","New York","40.73","-73.984"
"06/08/2024","AQS","360610128","1","3.5","ug/m3 LC","19","PS 19","1","100.0000","88101","PM2.5 - Local Conditions","145","R & P Model 2025 PM-2.5 Sequential Air Sampler w/VSCC","35620","New York-Newark-Jersey City, NY-NJ-PA","36","New York","061","New York","40.73","-73.984"
"06/11/2024","AQS","360610128","1","5.1","ug/m3 LC","28","PS 19","1","100.0000","88101","PM2.5 - Local Conditions","145","R & P Model 2025 PM-2.5 Sequential Air Sampler w/VSCC","35620","New York-Newark-Jersey City, NY-NJ-PA","36","New York","061","New York","40.73","-73.984"
"06/14/2024","AQS","360610128","1","12","ug/m3 LC","56","PS 19","1","100.0000","88101","PM2.5 - Local Conditions","145","R & P Model 2025 PM-2.5 Sequential Air Sampler w/VSCC","35620","New York-Newark-Jersey City, NY-NJ-PA","36","New York","061","New York","40.73","-73.984"
"06/17/2024","AQS","360610128","1","7.8","ug/m3 LC","43","PS 19","1","100.0000","88101","PM2.5 - Local Conditions","145","R & P Model 2025 PM-2.5 Sequential Air Sampler w/VSCC","35620","New York-Newark-Jersey City, NY-NJ-PA","36","New York","061","New York","40.73","-73.984"
"06/20/2024","AQS","360610128","1","10.2","ug/m3 LC","53","PS 19","1","100.0000","88101","PM2.5 - Local Conditions","145","R & P Model 2025 PM-2.5 Sequential Air Sampler w/VSCC","35620","New York-Newark-Jersey City, NY-NJ-PA","36","New York","061","New York","40.73","-73.984"
"06/23/2024","AQS","360610128","1","10.9","ug/m3 LC","54","PS 19","1","100.0000","88101","PM2.5 - Local Conditions","145","R & P Model 2025 PM-2.5 Sequential Air Sampler w/VSCC","35620","New York-Newark-Jersey City, NY-NJ-PA","36","New York","061","New York","40.73","-73.984"
"06/26/2024","AQS","360610128","1","10.5","ug/m3 LC","54","PS 19","1","100.0000","88101","PM2.5 - Local Conditions","145","R & P Model 2025 PM-2.5 Sequential Air Sampler w/VSCC","35620","New York-Newark-Jersey City, NY-NJ-PA","36","New York","061","New York","40.73","-73.984"
"07/02/2024","AQS","360610128","1","6.2","ug/m3 LC","34","PS 19","1","100.0000","88101","PM2.5 - Local Conditions","145","R & P Model 2025 PM-2.5 Sequential Air Sampler w/VSCC","35620","New York-Newark-Jersey City, NY-NJ-PA","36","New York","061","New York","40.73","-73.984"
"07/05/2024","AQS","360610128","1","27.5","ug/m3 LC","85","PS 19","1","100.0000","88101","PM2.5 - Local Conditions","145","R & P Model 2025 PM-2.5 Sequential Air Sampler w/VSCC","35620","New York-Newark-Jersey City, NY-NJ-PA","36","New York","061","New York","40.73","-73.984"
"07/08/2024","AQS","360610128","1","13.5","ug/m3 LC","59","PS 19","1","100.0000","88101","PM2.5 - Local Conditions","145","R & P Model 2025 PM-2.5 Sequential Air Sampler w/VSCC","35620","New York-Newark-Jersey City, NY-NJ-PA","36","New York","061","New York","40.73","-73.984"
"07/11/2024","AQS","360610128","1","5.8","ug/m3 LC","32","PS 19","1","100.0000","88101","PM2.5 - Local Conditions","145","R & P Model 2025 PM-2.5 Sequential Air Sampler w/VSCC","35620","New York-Newark-Jersey City, NY-NJ-PA","36","New York","061","New York","40.73","-73.984"
"07/14/2024","AQS","360610128","1","10.5","ug/m3 LC","54","PS 19","1","100.0000","88101","PM2.5 - Local Conditions","145","R & P Model 2025 PM-2.5 Sequential Air Sampler w/VSCC","35620","New York-Newark-Jersey City, NY-NJ-PA","36","New York","061","New York","40.73","-73.984"
"07/17/2024","AQS","360610128","1","11.5","ug/m3 LC","55","PS 19","1","100.0000","88101","PM2.5 - Local Conditions","145","R & P Model 2025 PM-2.5 Sequential Air Sampler w/VSCC","35620","New York-Newark-Jersey City, NY-NJ-PA","36","New York","061","New York","40.73","-73.984"
"07/20/2024","AQS","360610128","1","9.2","ug/m3 LC","51","PS 19","1","100.0000","88101","PM2.5 - Local Conditions","145","R & P Model 2025 PM-2.5 Sequential Air Sampler w/VSCC","35620","New York-Newark-Jersey City, NY-NJ-PA","36","New York","061","New York","40.73","-73.984"
"07/23/2024","AQS","360610128","1","9","ug/m3 LC","50","PS 19","1","100.0000","88101","PM2.5 - Local Conditions","145","R & P Model 2025 PM-2.5 Sequential Air Sampler w/VSCC","35620","New York-Newark-Jersey City, NY-NJ-PA","36","New York","061","New York","40.73","-73.984"
"07/26/2024","AQS","360610128","1","5.8","ug/m3 LC","32","PS 19","1","100.0000","88101","PM2.5 - Local Conditions","145","R & P Model 2025 PM-2.5 Sequential Air Sampler w/VSCC","35620","New York-Newark-Jersey City, NY-NJ-PA","36","New York","061","New York","40.73","-73.984"
"07/29/2024","AQS","360610128","1","13.4","ug/m3 LC","59","PS 19","1","100.0000","88101","PM2.5 - Local Conditions","145","R & P Model 2025 PM-2.5 Sequential Air Sampler w/VSCC","35620","New York-Newark-Jersey City, NY-NJ-PA","36","New York","061","New York","40.73","-73.984"
"08/01/2024","AQS","360610128","1","14.6","ug/m3 LC","61","PS 19","1","100.0000","88101","PM2.5 - Local Conditions","145","R & P Model 2025 PM-2.5 Sequential Air Sampler w/VSCC","35620","New York-Newark-Jersey City, NY-NJ-PA","36","New York","061","New York","40.73","-73.984"
"08/04/2024","AQS","360610128","1","8.9","ug/m3 LC","49","PS 19","1","100.0000","88101","PM2.5 - Local Conditions","145","R & P Model 2025 PM-2.5 Sequential Air Sampler w/VSCC","35620","New York-Newark-Jersey City, NY-NJ-PA","36","New York","061","New York","40.73","-73.984"
"08/07/2024","AQS","360610128","1","5.8","ug/m3 LC","32","PS 19","1","100.0000","88101","PM2.5 - Local Conditions","145","R & P Model 2025 PM-2.5 Sequential Air Sampler w/VSCC","35620","New York-Newark-Jersey City, NY-NJ-PA","36","New York","061","New York","40.73","-73.984"
"08/10/2024","AQS","360610128","1","7.5","ug/m3 LC","42","PS 19","1","100.0000","88101","PM2.5 - Local Conditions","145","R & P Model 2025 PM-2.5 Sequential Air Sampler w/VSCC","35620","New York-Newark-Jersey City, NY-NJ-PA","36","New York","061","New York","40.73","-73.984"
"08/13/2024","AQS","360610128","1","6.2","ug/m3 LC","34","PS 19","1","100.0000","88101","PM2.5 - Local Conditions","145","R & P Model 2025 PM-2.5 Sequential Air Sampler w/VSCC","35620","New York-Newark-Jersey City, NY-NJ-PA","36","New York","061","New York","40.73","-73.984"
"08/16/2024","AQS","360610128","1","16.9","ug/m3 LC","66","PS 19","1","100.0000","88101","PM2.5 - Local Conditions","145","R & P Model 2025 PM-2.5 Sequential Air Sampler w/VSCC","35620","New York-Newark-Jersey City, NY-NJ-PA","36","New York","061","New York","40.73","-73.984"
"08/19/2024","AQS","360610128","1","5.3","ug/m3 LC","29","PS 19","1","100.0000","88101","PM2.5 - Local Conditions","145","R & P Model 2025 PM-2.5 Sequential Air Sampler w/VSCC","35620","New York-Newark-Jersey City, NY-NJ-PA","36","New York","061","New York","40.73","-73.984"
"08/22/2024","AQS","360610128","1","5.4","ug/m3 LC","30","PS 19","1","100.0000","88101","PM2.5 - Local Conditions","145","R & P Model 2025 PM-2.5 Sequential Air Sampler w/VSCC","35620","New York-Newark-Jersey City, NY-NJ-PA","36","New York","061","New York","40.73","-73.984"
"08/25/2024","AQS","360610128","1","14","ug/m3 LC","60","PS 19","1","100.0000","88101","PM2.5 - Local Conditions","145","R & P Model 2025 PM-2.5 Sequential Air Sampler w/VSCC","35620","New York-Newark-Jersey City, NY-NJ-PA","36","New York","061","New York","40.73","-73.984"
"08/28/2024","AQS","360610128","1","12","ug/m3 LC","56","PS 19","1","100.0000","88101","PM2.5 - Local Conditions","145","R & P Model 2025 PM-2.5 Sequential Air Sampler w/VSCC","35620","New York-Newark-Jersey City, NY-NJ-PA","36","New York","061","New York","40.73","-73.984"
"08/31/2024","AQS","360610128","1","5.4","ug/m3 LC","30","PS 19","1","100.0000","88101","PM2.5 - Local Conditions","145","R & P Model 2025 PM-2.5 Sequential Air Sampler w/VSCC","35620","New York-Newark-Jersey City, NY-NJ-PA","36","New York","061","New York","40.73","-73.984"
"09/03/2024","AQS","360610128","1","4.8","ug/m3 LC","27","PS 19","1","100.0000","88101","PM2.5 - Local Conditions","145","R & P Model 2025 PM-2.5 Sequential Air Sampler w/VSCC","35620","New York-Newark-Jersey City, NY-NJ-PA","36","New York","061","New York","40.73","-73.984"
"09/06/2024","AQS","360610128","1","6.5","ug/m3 LC","36","PS 19","1","100.0000","88101","PM2.5 - Local Conditions","145","R & P Model 2025 PM-2.5 Sequential Air Sampler w/VSCC","35620","New York-Newark-Jersey City, NY-NJ-PA","36","New York","061","New York","40.73","-73.984"
"09/09/2024","AQS","360610128","1","5","ug/m3 LC","28","PS 19","1","100.0000","88101","PM2.5 - Local Conditions","145","R & P Model 2025 PM-2.5 Sequential Air Sampler w/VSCC","35620","New York-Newark-Jersey City, NY-NJ-PA","36","New York","061","New York","40.73","-73.984"
"09/12/2024","AQS","360610128","1","8.4","ug/m3 LC","47","PS 19","1","100.0000","88101","PM2.5 - Local Conditions","145","R & P Model 2025 PM-2.5 Sequential Air Sampler w/VSCC","35620","New York-Newark-Jersey City, NY-NJ-PA","36","New York","061","New York","40.73","-73.984"
"09/15/2024","AQS","360610128","1","8.6","ug/m3 LC","48","PS 19","1","100.0000","88101","PM2.5 - Local Conditions","145","R & P Model 2025 PM-2.5 Sequential Air Sampler w/VSCC","35620","New York-Newark-Jersey City, NY-NJ-PA","36","New York","061","New York","40.73","-73.984"
"09/18/2024","AQS","360610128","1","8.5","ug/m3 LC","47","PS 19","1","100.0000","88101","PM2.5 - Local Conditions","145","R & P Model 2025 PM-2.5 Sequential Air Sampler w/VSCC","35620","New York-Newark-Jersey City, NY-NJ-PA","36","New York","061","New York","40.73","-73.984"
"09/21/2024","AQS","360610128","1","6.5","ug/m3 LC","36","PS 19","1","100.0000","88101","PM2.5 - Local Conditions","145","R & P Model 2025 PM-2.5 Sequential Air Sampler w/VSCC","35620","New York-Newark-Jersey City, NY-NJ-PA","36","New York","061","New York","40.73","-73.984"
"09/24/2024","AQS","360610128","1","5.4","ug/m3 LC","30","PS 19","1","100.0000","88101","PM2.5 - Local Conditions","145","R & P Model 2025 PM-2.5 Sequential Air Sampler w/VSCC","35620","New York-Newark-Jersey City, NY-NJ-PA","36","New York","061","New York","40.73","-73.984"
"09/27/2024","AQS","360610128","1","6.2","ug/m3 LC","34","PS 19","1","100.0000","88101","PM2.5 - Local Conditions","145","R & P Model 2025 PM-2.5 Sequential Air Sampler w/VSCC","35620","New York-Newark-Jersey City, NY-NJ-PA","36","New York","061","New York","40.73","-73.984"
"09/30/2024","AQS","360610128","1","5.5","ug/m3 LC","31","PS 19","1","100.0000","88101","PM2.5 - Local Conditions","145","R & P Model 2025 PM-2.5 Sequential Air Sampler w/VSCC","35620","New York-Newark-Jersey City, NY-NJ-PA","36","New York","061","New York","40.73","-73.984"
"10/03/2024","AQS","360610128","1","6.8","ug/m3 LC","38","PS 19","1","100.0000","88101","PM2.5 - Local Conditions","145","R & P Model 2025 PM-2.5 Sequential Air Sampler w/VSCC","35620","New York-Newark-Jersey City, NY-NJ-PA","36","New York","061","New York","40.73","-73.984"
"10/06/2024","AQS","360610128","1","5.8","ug/m3 LC","32","PS 19","1","100.0000","88101","PM2.5 - Local Conditions","145","R & P Model 2025 PM-2.5 Sequential Air Sampler w/VSCC","35620","New York-Newark-Jersey City, NY-NJ-PA","36","New York","061","New York","40.73","-73.984"
"10/09/2024","AQS","360610128","1","4.7","ug/m3 LC","26","PS 19","1","100.0000","88101","PM2.5 - Local Conditions","145","R & P Model 2025 PM-2.5 Sequential Air Sampler w/VSCC","35620","New York-Newark-Jersey City, NY-NJ-PA","36","New York","061","New York","40.73","-73.984"
"10/12/2024","AQS","360610128","1","5.7","ug/m3 LC","32","PS 19","1","100.0000","88101","PM2.5 - Local Conditions","145","R & P Model 2025 PM-2.5 Sequential Air Sampler w/VSCC","35620","New York-Newark-Jersey City, NY-NJ-PA","36","New York","061","New York","40.73","-73.984"
"10/15/2024","AQS","360610128","1","2.8","ug/m3 LC","16","PS 19","1","100.0000","88101","PM2.5 - Local Conditions","145","R & P Model 2025 PM-2.5 Sequential Air Sampler w/VSCC","35620","New York-Newark-Jersey City, NY-NJ-PA","36","New York","061","New York","40.73","-73.984"
"10/18/2024","AQS","360610128","1","7","ug/m3 LC","39","PS 19","1","100.0000","88101","PM2.5 - Local Conditions","145","R & P Model 2025 PM-2.5 Sequential Air Sampler w/VSCC","35620","New York-Newark-Jersey City, NY-NJ-PA","36","New York","061","New York","40.73","-73.984"
"10/21/2024","AQS","360610128","1","16.1","ug/m3 LC","64","PS 19","1","100.0000","88101","PM2.5 - Local Conditions","145","R & P Model 2025 PM-2.5 Sequential Air Sampler w/VSCC","35620","New York-Newark-Jersey City, NY-NJ-PA","36","New York","061","New York","40.73","-73.984"
"10/24/2024","AQS","360610128","1","6.4","ug/m3 LC","36","PS 19","1","100.0000","88101","PM2.5 - Local Conditions","145","R & P Model 2025 PM-2.5 Sequential Air Sampler w/VSCC","35620","New York-Newark-Jersey City, NY-NJ-PA","36","New York","061","New York","40.73","-73.984"
"10/27/2024","AQS","360610128","1","3.8","ug/m3 LC","21","PS 19","1","100.0000","88101","PM2.5 - Local Conditions","145","R & P Model 2025 PM-2.5 Sequential Air Sampler w/VSCC","35620","New York-Newark-Jersey City, NY-NJ-PA","36","New York","061","New York","40.73","-73.984"
"10/30/2024","AQS","360610128","1","12.7","ug/m3 LC","58","PS 19","1","100.0000","88101","PM2.5 - Local Conditions","145","R & P Model 2025 PM-2.5 Sequential Air Sampler w/VSCC","35620","New York-Newark-Jersey City, NY-NJ-PA","36","New York","061","New York","40.73","-73.984"
"11/02/2024","AQS","360610128","1","2.9","ug/m3 LC","16","PS 19","1","100.0000","88101","PM2.5 - Local Conditions","145","R & P Model 2025 PM-2.5 Sequential Air Sampler w/VSCC","35620","New York-Newark-Jersey City, NY-NJ-PA","36","New York","061","New York","40.73","-73.984"
"11/05/2024","AQS","360610128","1","9.3","ug/m3 LC","51","PS 19","1","100.0000","88101","PM2.5 - Local Conditions","145","R & P Model 2025 PM-2.5 Sequential Air Sampler w/VSCC","35620","New York-Newark-Jersey City, NY-NJ-PA","36","New York","061","New York","40.73","-73.984"
"11/08/2024","AQS","360610128","1","4.8","ug/m3 LC","27","PS 19","1","100.0000","88101","PM2.5 - Local Conditions","145","R & P Model 2025 PM-2.5 Sequential Air Sampler w/VSCC","35620","New York-Newark-Jersey City, NY-NJ-PA","36","New York","061","New York","40.73","-73.984"
"11/11/2024","AQS","360610128","1","5.5","ug/m3 LC","31","PS 19","1","100.0000","88101","PM2.5 - Local Conditions","145","R & P Model 2025 PM-2.5 Sequential Air Sampler w/VSCC","35620","New York-Newark-Jersey City, NY-NJ-PA","36","New York","061","New York","40.73","-73.984"
"11/14/2024","AQS","360610128","1","6.5","ug/m3 LC","36","PS 19","1","100.0000","88101","PM2.5 - Local Conditions","145","R & P Model 2025 PM-2.5 Sequential Air Sampler w/VSCC","35620","New York-Newark-Jersey City, NY-NJ-PA","36","New York","061","New York","40.73","-73.984"
"11/17/2024","AQS","360610128","1","10.9","ug/m3 LC","54","PS 19","1","100.0000","88101","PM2.5 - Local Conditions","145","R & P Model 2025 PM-2.5 Sequential Air Sampler w/VSCC","35620","New York-Newark-Jersey City, NY-NJ-PA","36","New York","061","New York","40.73","-73.984"
"11/20/2024","AQS","360610128","1","8.6","ug/m3 LC","48","PS 19","1","100.0000","88101","PM2.5 - Local Conditions","145","R & P Model 2025 PM-2.5 Sequential Air Sampler w/VSCC","35620","New York-Newark-Jersey City, NY-NJ-PA","36","New York","061","New York","40.73","-73.984"
"11/23/2024","AQS","360610128","1","3.8","ug/m3 LC","21","PS 19","1","100.0000","88101","PM2.5 - Local Conditions","145","R & P Model 2025 PM-2.5 Sequential Air Sampler w/VSCC","35620","New York-Newark-Jersey City, NY-NJ-PA","36","New York","061","New York","40.73","-73.984"
"11/26/2024","AQS","360610128","1","7","ug/m3 LC","39","PS 19","1","100.0000","88101","PM2.5 - Local Conditions","145","R & P Model 2025 PM-2.5 Sequential Air Sampler w/VSCC","35620","New York-Newark-Jersey City, NY-NJ-PA","36","New York","061","New York","40.73","-73.984"
"11/29/2024","AQS","360610128","1","6.4","ug/m3 LC","36","PS 19","1","100.0000","88101","PM2.5 - Local Conditions","145","R & P Model 2025 PM-2.5 Sequential Air Sampler w/VSCC","35620","New York-Newark-Jersey City, NY-NJ-PA","36","New York","061","New York","40.73","-73.984"
"12/02/2024","AQS","360610128","1","6.1","ug/m3 LC","34","PS 19","1","100.0000","88101","PM2.5 - Local Conditions","145","R & P Model 2025 PM-2.5 Sequential Air Sampler w/VSCC","35620","New York-Newark-Jersey City, NY-NJ-PA","36","New York","061","New York","40.73","-73.984"
"12/05/2024","AQS","360610128","1","6.9","ug/m3 LC","38","PS 19","1","100.0000","88101","PM2.5 - Local Conditions","145","R & P Model 2025 PM-2.5 Sequential Air Sampler w/VSCC","35620","New York-Newark-Jersey City, NY-NJ-PA","36","New York","061","New York","40.73","-73.984"
"12/08/2024","AQS","360610128","1","7.1","ug/m3 LC","39","PS 19","1","100.0000","88101","PM2.5 - Local Conditions","145","R & P Model 2025 PM-2.5 Sequential Air Sampler w/VSCC","35620","New York-Newark-Jersey City, NY-NJ-PA","36","New York","061","New York","40.73","-73.984"
"12/11/2024","AQS","360610128","1","5.3","ug/m3 LC","29","PS 19","1","100.0000","88101","PM2.5 - Local Conditions","145","R & P Model 2025 PM-2.5 Sequential Air Sampler w/VSCC","35620","New York-Newark-Jersey City, NY-NJ-PA","36","New York","061","New York","40.73","-73.984"
"12/14/2024","AQS","360610128","1","6","ug/m3 LC","33","PS 19","1","100.0000","88101","PM2.5 - Local Conditions","145","R & P Model 2025 PM-2.5 Sequential Air Sampler w/VSCC","35620","New York-Newark-Jersey City, NY-NJ-PA","36","New York","061","New York","40.73","-73.984"
"12/17/2024","AQS","360610128","1","5.8","ug/m3 LC","32","PS 19","1","100.0000","88101","PM2.5 - Local Conditions","145","R & P Model 2025 PM-2.5 Sequential Air Sampler w/VSCC","35620","New York-Newark-Jersey City, NY-NJ-PA","36","New York","061","New York","40.73","-73.984"
"12/20/2024","AQS","360610128","1","5.4","ug/m3 LC","30","PS 19","1","100.0000","88101","PM2.5 - Local Conditions","145","R & P Model 2025 PM-2.5 Sequential Air Sampler w/VSCC","35620","New York-Newark-Jersey City, NY-NJ-PA","36","New York","061","New York","40.73","-73.984"
"12/23/2024","AQS","360610128","1","6.9","ug/m3 LC","38","PS 19","1","100.0000","88101","PM2.5 - Local Conditions","145","R & P Model 2025 PM-2.5 Sequential Air Sampler w/VSCC","35620","New York-Newark-Jersey City, NY-NJ-PA","36","New York","061","New York","40.73","-73.984"
"12/26/2024","AQS","360610128","1","11.7","ug/m3 LC","56","PS 19","1","100.0000","88101","PM2.5 - Local Conditions","145","R & P Model 2025 PM-2.5 Sequential Air Sampler w/VSCC","35620","New York-Newark-Jersey City, NY-NJ-PA","36","New York","061","New York","40.73","-73.984"
"12/29/2024","AQS","360610128","1","7.1","ug/m3 LC","39","PS 19","1","100.0000","88101","PM2.5 - Local Conditions","145","R & P Model 2025 PM-2.5 Sequential Air Sampler w/VSCC","35620","New York-Newark-Jersey City, NY-NJ-PA","36","New York","061","New York","40.73","-73.984"
